Tiempo en seg,Referencia,Salida,Estado 1 (VC1),Control (Vi)
120332.8198342,0.0,0.29,0.38,0.0
120332.8709628,0.0,0.29,0.37,0.0
120332.9252701,0.0,0.28,0.36,0.0
120332.9796609,0.0,0.26,0.34,0.0
120333.0438177,0.0,0.26,0.33,0.0
120333.1095257,0.0,0.24,0.31,0.0
120333.1707894,0.0,0.23,0.29,0.0
120333.2259233,0.0,0.22,0.29,0.0
120333.2880242,0.0,0.22,0.28,0.0
120333.3505028,0.0,0.2,0.26,0.0
120333.4132487,0.0,0.19,0.25,0.0
120333.4762848,0.0,0.19,0.24,0.0
120333.5382375,0.0,0.19,0.23,0.0
120333.6098959,0.0,0.17,0.23,0.0
120333.6694077,0.0,0.16,0.22,0.0
120333.7324103,0.0,0.15,0.21,0.0
120333.7944648,0.0,0.16,0.21,0.0
120333.8547803,0.0,0.14,0.2,0.0
120333.9170337,0.0,0.15,0.19,0.0
120333.9797509,0.0,0.14,0.19,0.0
120334.0364688,0.0,0.14,0.18,0.0
120334.0973407,0.0,0.13,0.18,0.0
120334.1597192,0.0,0.13,0.17,0.0
120334.2103821,0.0,0.12,0.17,0.0
120334.2717203,0.0,0.13,0.16,0.0
120334.3334716,0.0,0.12,0.16,0.0
120334.3962161,0.0,0.13,0.16,0.0
120334.4567932,0.0,0.12,0.15,0.0
120334.5187829,0.0,0.11,0.14,0.0
120334.5753379,0.0,0.12,0.15,0.0
120334.637921,0.0,0.11,0.14,0.0
120334.698481,0.0,0.11,0.14,0.0
120334.7610395,0.0,0.11,0.13,0.0
120334.8227209,0.0,0.1,0.13,0.0
120334.884484,0.0,0.1,0.13,0.0
120334.9391323,0.0,0.11,0.13,0.0
120334.9972927,0.0,0.11,0.12,0.0
120335.0491483,0.0,0.1,0.12,0.0
120335.1108529,0.0,0.1,0.12,0.0
120335.1733238,0.0,0.08,0.11,0.0
120335.2360451,0.0,0.09,0.11,0.0
120335.2975306,0.0,0.08,0.11,0.0
120335.3522717,0.0,0.08,0.1,0.0
120335.4137108,0.0,0.07,0.1,0.0
120335.4760551,0.0,0.07,0.1,0.0
120335.5388717,0.0,0.06,0.1,0.0
120335.6019218,0.0,0.07,0.1,0.0
120335.6646501,0.0,0.06,0.1,0.0
120335.7223873,0.0,0.06,0.1,0.0
120335.7846244,0.0,0.06,0.1,0.0
120335.8351974,0.0,0.05,0.09,0.0
120335.8934896,0.0,0.04,0.09,0.0
120335.9517835,0.0,0.04,0.1,0.0
120336.0113222,0.0,0.05,0.09,0.0
120336.0799759,0.0,0.04,0.09,0.0
120336.1304877,0.0,0.04,0.09,0.0
120336.1934006,0.0,0.04,0.09,0.0
120336.2552633,0.0,0.04,0.09,0.0
120336.3167712,0.0,0.04,0.08,0.0
120336.3731664,0.0,0.05,0.08,0.0
120336.4358651,0.0,0.04,0.08,0.0
120336.4976985,0.0,0.04,0.08,0.0
120336.5612303,0.0,0.04,0.08,0.0
120336.6227555,0.0,0.06,0.08,0.0
120336.6809659,0.0,0.05,0.08,0.0
120336.7451711,0.0,0.05,0.08,0.0
120336.806486,0.0,0.05,0.08,0.0
120336.8638748,0.59,0.06,0.08,2.43
120336.9267085,0.59,0.1,0.25,2.37
120336.9837976,0.59,0.11,0.31,2.33
120337.046042,0.59,0.13,0.37,2.3
120337.1088375,0.59,0.15,0.43,2.25
120337.1735076,0.59,0.2,0.52,2.21
120337.2350054,0.59,0.21,0.56,2.19
120337.2975521,0.59,0.24,0.59,2.14
120337.3628006,0.59,0.24,0.63,2.15
120337.4252505,0.59,0.3,0.68,2.08
120337.487679,0.59,0.3,0.71,2.09
120337.5490667,0.59,0.32,0.73,2.08
120337.6096734,0.59,0.34,0.75,2.03
120337.6721475,0.59,0.37,0.79,2.01
120337.7352779,0.59,0.38,0.81,2.02
120337.7971185,0.59,0.41,0.83,2.0
120337.8588758,0.59,0.41,0.84,1.97
120337.9218744,0.6,0.42,0.86,2.0
120337.9841138,0.59,0.45,0.89,1.95
120338.0371333,0.59,0.46,0.89,1.95
120338.097519,0.59,0.46,0.91,1.92
120338.1586717,0.59,0.48,0.92,1.93
120338.2112215,0.59,0.49,0.93,1.92
120338.273878,0.59,0.52,0.95,1.9
120338.3377636,0.59,0.52,0.96,1.87
120338.3999732,0.59,0.53,0.96,1.87
120338.461817,0.59,0.54,0.97,1.86
120338.5243629,0.59,0.55,0.99,1.85
120338.5851089,0.59,0.56,1.0,1.84
120338.6409507,0.59,0.56,1.0,1.84
120338.7018593,0.59,0.56,1.0,1.86
120338.7657199,0.59,0.58,1.01,1.83
120338.8284086,0.59,0.59,1.02,1.82
120338.8908029,0.59,0.6,1.02,1.82
120338.9517851,0.59,0.6,1.03,1.84
120339.0143127,0.59,0.61,1.03,1.83
120339.0760165,0.59,0.61,1.04,1.82
120339.1409522,0.59,0.6,1.05,1.83
120339.2037744,0.59,0.62,1.05,1.8
120339.2674211,0.6,0.62,1.05,1.84
120339.3296109,0.59,0.64,1.06,1.81
120339.38676,0.59,0.62,1.06,1.81
120339.4387056,0.59,0.63,1.07,1.81
120339.5013446,0.59,0.63,1.07,1.8
120339.5640522,0.59,0.65,1.08,1.8
120339.6199147,0.59,0.64,1.08,1.78
120339.683161,0.59,0.65,1.08,1.79
120339.7467591,0.59,0.65,1.08,1.79
120339.7985123,0.59,0.65,1.08,1.79
120339.8605271,0.59,0.64,1.08,1.78
120339.9117533,0.59,0.64,1.09,1.79
120339.9741172,0.59,0.65,1.09,1.77
120340.0365773,0.6,0.65,1.09,1.81
120340.0996524,0.59,0.64,1.09,1.79
120340.1631186,0.59,0.66,1.09,1.76
120340.2159098,0.59,0.65,1.1,1.79
120340.2781905,0.59,0.65,1.11,1.76
120340.3418571,0.59,0.66,1.1,1.78
120340.403055,0.59,0.67,1.1,1.78
120340.4670927,0.59,0.66,1.09,1.78
120340.5286509,0.59,0.66,1.1,1.78
120340.5875144,0.59,0.65,1.1,1.76
120340.650652,0.59,0.65,1.09,1.77
120340.7128063,0.59,0.65,1.1,1.78
120340.7695625,0.59,0.67,1.12,1.77
120340.8268691,0.59,0.65,1.1,1.76
120340.888845,0.59,0.65,1.11,1.78
120340.9516889,0.59,0.66,1.11,1.78
120341.0146098,0.59,0.65,1.11,1.78
120341.065707,0.59,0.65,1.11,1.78
120341.1289727,0.59,0.65,1.11,1.78
120341.1929338,0.59,0.65,1.11,1.78
120341.2538882,0.59,0.65,1.11,1.76
120341.3054547,0.59,0.65,1.11,1.78
120341.3686419,0.59,0.65,1.11,1.76
120341.43251,0.59,0.65,1.12,1.77
120341.4945609,0.59,0.65,1.11,1.78
120341.556602,0.59,0.65,1.11,1.76
120341.6199282,0.59,0.65,1.12,1.75
120341.6857365,0.59,0.66,1.11,1.76
120341.7487296,0.59,0.66,1.11,1.77
120341.814686,0.59,0.65,1.11,1.78
120341.869908,0.59,0.66,1.12,1.75
120341.9320718,0.59,0.65,1.11,1.76
120341.9942751,0.59,0.66,1.11,1.75
120342.0560495,0.59,0.67,1.12,1.77
120342.1179963,0.59,0.67,1.12,1.75
120342.1799555,0.59,0.66,1.12,1.77
120342.2426489,0.59,0.67,1.12,1.77
120342.3051223,0.59,0.66,1.12,1.77
120342.3671042,0.59,0.67,1.12,1.75
120342.4246241,0.59,0.66,1.12,1.77
120342.4884534,0.59,0.66,1.13,1.77
120342.5441989,0.59,0.66,1.12,1.77
120342.6071678,0.59,0.66,1.12,1.75
120342.669889,0.59,0.66,1.12,1.77
120342.7329893,0.59,0.66,1.12,1.77
120342.7866638,0.59,0.67,1.12,1.75
120342.8484742,0.59,0.66,1.13,1.77
120342.9108265,0.59,0.66,1.12,1.75
120342.9710948,0.59,0.66,1.13,1.76
120343.028015,0.59,0.66,1.13,1.77
120343.091655,0.59,0.65,1.12,1.75
120343.1536499,0.59,0.65,1.12,1.78
120343.2158531,0.59,0.65,1.12,1.75
120343.2759164,0.59,0.65,1.13,1.77
120343.3389582,0.59,0.65,1.12,1.77
120343.4009099,0.59,0.66,1.13,1.75
120343.4635771,0.59,0.65,1.13,1.77
120343.5270814,0.59,0.65,1.13,1.75
120343.5894969,0.59,0.65,1.13,1.77
120343.6529609,0.59,0.65,1.12,1.77
120343.7144956,0.59,0.65,1.13,1.77
120343.7794418,0.59,0.65,1.13,1.77
120343.8297669,0.59,0.61,1.13,1.79
120343.8918309,0.59,0.65,1.13,1.77
120343.9537357,0.59,0.64,1.13,1.77
120344.0169566,0.59,0.63,1.13,1.78
120344.0789373,0.59,0.63,1.13,1.76
120344.1367709,0.59,0.64,1.13,1.76
120344.1894678,0.59,0.64,1.13,1.76
120344.2499618,0.59,0.64,1.13,1.77
120344.3121657,0.59,0.63,1.13,1.76
120344.3741445,0.59,0.62,1.13,1.78
120344.4369725,0.59,0.62,1.13,1.78
120344.4885235,0.59,0.62,1.13,1.78
120344.5512133,0.59,0.62,1.13,1.76
120344.6138276,0.59,0.63,1.14,1.78
120344.676523,0.59,0.63,1.14,1.78
120344.7397361,0.59,0.63,1.14,1.78
120344.7987981,0.59,0.62,1.13,1.76
120344.8546338,0.59,0.62,1.13,1.78
120344.917395,0.59,0.63,1.14,1.78
120344.9742431,0.59,0.63,1.13,1.78
120345.0366521,0.59,0.63,1.13,1.78
120345.0979429,0.59,0.62,1.13,1.78
120345.1601998,0.59,0.62,1.14,1.78
120345.2221018,0.59,0.62,1.14,1.78
120345.2855765,0.59,0.62,1.14,1.76
120345.3369646,0.59,0.63,1.14,1.78
120345.3995879,0.59,0.63,1.14,1.76
120345.4555702,0.59,0.63,1.14,1.78
120345.5176478,0.59,0.6,1.14,1.79
120345.5811489,0.59,0.61,1.15,1.78
120345.6436425,0.59,0.61,1.14,1.78
120345.7072323,0.59,0.6,1.14,1.77
120345.7685625,0.59,0.61,1.14,1.79
120345.8277459,0.59,0.61,1.14,1.76
120345.8851597,0.59,0.61,1.14,1.77
120345.947375,0.59,0.6,1.14,1.77
120346.0097479,0.59,0.6,1.17,1.78
120346.0713718,0.59,0.59,1.14,1.79
120346.1340579,0.59,0.6,1.14,1.79
120346.1967234,0.6,0.6,1.14,1.81
120346.2578303,0.59,0.6,1.15,1.79
120346.3107455,0.59,0.6,1.14,1.79
120346.372639,0.59,0.6,1.15,1.78
120346.4352498,0.59,0.61,1.14,1.78
120346.4881864,0.59,0.61,1.15,1.78
120346.5512275,0.59,0.63,1.15,1.77
120346.6127175,0.59,0.62,1.15,1.76
120346.672356,0.59,0.62,1.14,1.78
120346.7226677,0.59,0.62,1.15,1.78
120346.783705,0.59,0.63,1.14,1.78
120346.847238,0.59,0.63,1.14,1.75
120346.9104131,0.59,0.62,1.14,1.78
120346.9733564,0.59,0.64,1.14,1.77
120347.0363062,0.59,0.63,1.14,1.77
120347.0983584,0.59,0.65,1.14,1.77
120347.1623403,0.59,0.64,1.14,1.75
120347.2219781,0.59,0.65,1.15,1.74
120347.2821175,0.59,0.65,1.14,1.77
120347.3406479,0.59,0.65,1.14,1.75
120347.3967437,0.59,0.65,1.14,1.76
120347.4471513,0.59,0.67,1.14,1.76
120347.5077883,0.59,0.66,1.14,1.74
120347.5599496,0.59,0.66,1.14,1.76
120347.6114089,0.59,0.67,1.14,1.76
120347.6735257,0.59,0.68,1.15,1.75
120347.7274328,0.59,0.67,1.14,1.76
120347.7798556,0.59,0.69,1.15,1.75
120347.842956,0.6,0.69,1.15,1.76
120347.8965789,0.59,0.68,1.13,1.76
120347.9500271,0.59,0.67,1.14,1.74
120348.0123934,0.59,0.68,1.13,1.76
120348.0740771,0.59,0.67,1.13,1.76
120348.1372229,0.59,0.67,1.14,1.76
120348.1988789,0.59,0.66,1.13,1.76
120348.2609433,0.59,0.68,1.15,1.73
120348.3267964,0.59,0.68,1.13,1.76
120348.3888259,0.59,0.66,1.13,1.76
120348.4518166,0.59,0.68,1.14,1.74
120348.5147186,0.59,0.68,1.13,1.74
120348.565406,0.59,0.68,1.13,1.76
120348.6279832,0.59,0.68,1.13,1.76
120348.6899729,0.59,0.68,1.13,1.74
120348.7531976,0.59,0.67,1.13,1.76
120348.8154303,0.59,0.68,1.13,1.76
120348.8785693,0.59,0.67,1.13,1.76
120348.9406282,0.59,0.67,1.13,1.74
120349.0043548,0.59,0.67,1.13,1.74
120349.0663554,0.59,0.68,1.13,1.76
120349.1297571,0.59,0.68,1.13,1.74
120349.1922837,0.6,0.68,1.13,1.78
120349.2552874,0.59,0.68,1.13,1.76
120349.3145807,0.59,0.68,1.13,1.74
120349.3648323,0.59,0.68,1.13,1.74
120349.4295363,0.59,0.67,1.13,1.76
120349.4877874,0.59,0.68,1.13,1.76
120349.5499602,0.59,0.68,1.13,1.76
120349.6081736,0.59,0.68,1.13,1.76
120349.6699055,0.59,0.67,1.13,1.76
120349.731641,0.59,0.68,1.13,1.76
120349.7933746,0.6,0.68,1.14,1.78
120349.8571546,0.59,0.67,1.13,1.74
120349.9190319,0.59,0.67,1.13,1.76
120349.9825466,0.59,0.67,1.13,1.74
120350.0455487,0.58,0.66,1.13,1.7
120350.1079577,0.59,0.67,1.13,1.76
120350.1617669,0.59,0.66,1.13,1.77
120350.2227272,0.59,0.68,1.13,1.76
120350.2850342,0.59,0.66,1.13,1.76
120350.3482348,0.59,0.67,1.13,1.76
120350.4111467,0.6,0.67,1.14,1.8
120350.4613122,0.59,0.66,1.13,1.77
120350.5232506,0.59,0.67,1.13,1.76
120350.5861647,0.59,0.67,1.13,1.76
120350.6402783,0.59,0.68,1.14,1.76
120350.7040943,0.59,0.65,1.13,1.77
120350.7587568,0.59,0.65,1.13,1.77
120350.8217636,0.59,0.66,1.14,1.76
120350.875771,0.59,0.66,1.14,1.76
120350.9333667,0.59,0.67,1.14,1.76
120350.9955986,0.59,0.66,1.14,1.76
120351.0473316,0.59,0.66,1.13,1.74
120351.1097679,0.59,0.65,1.13,1.77
120351.1711902,0.59,0.65,1.14,1.77
120351.2300426,0.59,0.65,1.14,1.77
120351.2941237,0.59,0.65,1.14,1.77
120351.3558438,0.59,0.66,1.14,1.76
120351.4173473,0.59,0.65,1.14,1.77
120351.4787645,0.59,0.64,1.14,1.77
120351.5418081,0.59,0.65,1.14,1.77
120351.6053345,0.59,0.65,1.14,1.77
120351.667897,0.59,0.65,1.14,1.75
120351.7297949,0.59,0.65,1.14,1.77
120351.7928824,0.59,0.65,1.14,1.77
120351.846256,0.59,0.66,1.14,1.74
120351.9076287,0.59,0.65,1.14,1.77
120351.9700259,0.59,0.65,1.14,1.76
120352.0201994,0.59,0.65,1.14,1.77
120352.0769866,0.59,0.66,1.14,1.76
120352.1397628,0.59,0.65,1.14,1.77
120352.2018524,0.59,0.65,1.15,1.76
120352.2658665,0.59,0.65,1.14,1.77
120352.3311396,0.59,0.66,1.15,1.74
120352.3933381,0.59,0.65,1.14,1.75
120352.4561838,0.59,0.66,1.14,1.76
120352.5198718,0.59,0.65,1.13,1.75
120352.5811425,0.59,0.66,1.15,1.74
120352.6429359,0.59,0.65,1.14,1.77
120352.7052834,0.59,0.65,1.14,1.77
120352.7685423,0.59,0.66,1.14,1.74
120352.8341369,0.59,0.66,1.14,1.76
120352.8969583,0.59,0.65,1.14,1.77
120352.9599723,0.59,0.66,1.14,1.76
120353.0223349,0.59,0.66,1.14,1.76
120353.0803462,0.59,0.65,1.14,1.77
120353.1429583,0.59,0.65,1.14,1.77
120353.2057785,0.59,0.65,1.14,1.77
120353.268666,0.59,0.65,1.14,1.77
120353.3340049,0.59,0.65,1.14,1.75
120353.3961339,0.59,0.65,1.14,1.76
120353.4601304,0.59,0.65,1.14,1.77
120353.5226105,0.59,0.65,1.14,1.77
120353.5851184,0.59,0.65,1.14,1.77
120353.6438093,0.59,0.65,1.14,1.75
120353.6940213,0.59,0.64,1.14,1.77
120353.7557821,0.59,0.65,1.14,1.77
120353.8182378,0.59,0.65,1.14,1.77
120353.8756802,0.59,0.65,1.14,1.77
120353.9342835,0.59,0.65,1.15,1.75
120353.995969,0.59,0.64,1.14,1.77
120354.0598783,0.59,0.65,1.14,1.75
120354.1144469,0.59,0.64,1.14,1.75
120354.1667266,0.59,0.64,1.14,1.75
120354.2205957,0.59,0.64,1.14,1.77
120354.2844539,0.59,0.64,1.14,1.75
120354.3498511,0.59,0.64,1.14,1.75
120354.4117014,0.59,0.65,1.15,1.74
120354.4727509,0.59,0.64,1.14,1.77
120354.5357045,0.59,0.65,1.14,1.77
120354.5976184,0.59,0.64,1.15,1.77
120354.6485706,0.59,0.64,1.15,1.77
120354.6990161,0.59,0.63,1.14,1.77
120354.7505191,0.59,0.63,1.14,1.78
120354.8010171,0.59,0.63,1.14,1.76
120354.851234,0.59,0.64,1.14,1.75
120354.9017406,0.59,0.64,1.15,1.75
120354.9519415,0.59,0.65,1.16,1.76
120355.0159279,0.59,0.63,1.14,1.77
120355.0794477,0.59,0.62,1.14,1.76
120355.1297536,0.59,0.63,1.14,1.77
120355.1801367,0.59,0.64,1.16,1.76
120355.2339012,0.59,0.63,1.14,1.76
120355.2841872,0.59,0.62,1.14,1.76
120355.3429591,0.59,0.64,1.15,1.77
120355.405334,0.59,0.62,1.14,1.78
120355.4555227,0.59,0.62,1.14,1.78
120355.5057894,0.59,0.63,1.14,1.78
120355.557165,0.59,0.62,1.14,1.76
120355.6115788,0.59,0.61,1.14,1.78
120355.7506768,0.59,0.62,1.14,1.76
120355.8189001,0.59,0.62,1.14,1.76
120355.8761911,0.59,0.61,1.15,1.76
120355.9322187,0.59,0.61,1.14,1.76
120355.9834522,0.59,0.61,1.14,1.77
120356.0378394,0.59,0.61,1.14,1.78
120356.0947511,0.59,0.61,1.14,1.78
120356.1490356,0.59,0.61,1.14,1.76
120356.201753,0.59,0.61,1.14,1.78
120356.2565087,0.59,0.61,1.14,1.78
120356.3143142,0.59,0.6,1.14,1.79
120356.3683414,0.59,0.6,1.15,1.78
120356.4252552,0.59,0.6,1.15,1.76
120356.478269,0.59,0.6,1.15,1.79
120356.5304035,0.59,0.6,1.15,1.79
120356.582071,0.59,0.59,1.15,1.79
120356.6342244,0.59,0.58,1.15,1.77
120356.6853677,0.59,0.59,1.15,1.79
120356.7395248,0.59,0.58,1.15,1.79
120356.792277,0.59,0.59,1.15,1.79
120356.8466393,0.59,0.58,1.15,1.79
120356.8990158,0.59,0.59,1.15,1.79
120356.9523392,0.59,0.58,1.15,1.79
120357.0048896,0.59,0.58,1.15,1.79
120357.055164,0.59,0.58,1.15,1.79
120357.1131405,0.59,0.59,1.15,1.79
120357.1646816,0.59,0.57,1.15,1.79
120357.2153075,0.59,0.58,1.15,1.79
120357.2693205,0.59,0.59,1.16,1.79
120357.3207374,0.59,0.58,1.15,1.79
120357.3716868,0.59,0.59,1.16,1.77
120357.4263289,0.59,0.58,1.15,1.79
120357.4808685,0.59,0.58,1.15,1.77
120357.5329269,0.59,0.58,1.15,1.79
120357.5900638,0.59,0.58,1.16,1.79
120357.6424204,0.59,0.58,1.16,1.79
120357.6951974,0.59,0.58,1.16,1.79
120357.7455963,0.59,0.59,1.16,1.79
120357.7965561,0.59,0.58,1.16,1.77
120357.8607873,0.59,0.57,1.15,1.8
120357.9149106,0.59,0.58,1.16,1.79
120357.9656281,0.59,0.58,1.16,1.79
120358.0183753,0.59,0.58,1.16,1.77
120358.0725871,0.59,0.57,1.16,1.79
120358.126652,0.59,0.58,1.15,1.79
120358.1821056,0.59,0.58,1.16,1.79
120358.2343569,0.59,0.57,1.15,1.79
120358.2875817,0.59,0.57,1.15,1.8
120358.3439729,0.59,0.59,1.16,1.78
120358.4024993,0.59,0.58,1.16,1.79
120358.4629961,0.59,0.57,1.16,1.79
120358.5162916,0.59,0.58,1.16,1.79
120358.5673411,0.59,0.58,1.16,1.79
120358.6206868,0.59,0.58,1.16,1.79
120358.6708396,0.59,0.58,1.16,1.79
120358.7314899,0.59,0.58,1.16,1.77
120358.7830655,0.59,0.58,1.16,1.77
120358.8359295,0.59,0.58,1.16,1.77
120358.8867864,0.59,0.57,1.16,1.77
120358.9494538,0.59,0.57,1.15,1.79
120359.0021618,0.59,0.58,1.16,1.79
120359.0539388,0.59,0.58,1.16,1.79
120359.1101712,0.59,0.57,1.16,1.79
120359.1616416,0.59,0.58,1.16,1.79
120359.2138083,0.59,0.58,1.16,1.79
120359.2639566,0.59,0.58,1.16,1.79
120359.3174135,0.59,0.58,1.16,1.77
120359.3713547,0.59,0.57,1.16,1.79
120359.4215062,0.59,0.58,1.16,1.79
120359.4742664,0.59,0.58,1.16,1.79
120359.5245675,0.59,0.58,1.16,1.79
120359.5763234,0.59,0.58,1.16,1.77
120359.6285208,0.59,0.57,1.16,1.77
120359.679308,0.59,0.58,1.16,1.79
120359.7329216,0.59,0.57,1.16,1.79
120359.7836602,0.59,0.58,1.15,1.77
120359.837279,0.59,0.58,1.16,1.77
120359.8901319,0.59,0.57,1.16,1.79
120359.9409899,0.59,0.58,1.16,1.79
120359.9919356,0.59,0.58,1.17,1.77
120360.0420836,0.59,0.57,1.16,1.79
120360.0954529,0.59,0.58,1.16,1.79
120360.1554085,0.59,0.58,1.16,1.79
120360.2197252,0.59,0.57,1.16,1.79
120360.2825537,0.59,0.58,1.16,1.79
120360.3482176,0.59,0.57,1.16,1.77
120360.4022636,0.59,0.58,1.16,1.79
120360.4524035,0.59,0.57,1.16,1.79
120360.5106896,0.59,0.57,1.16,1.77
120360.5609769,0.59,0.57,1.16,1.79
120360.6174683,0.59,0.58,1.16,1.79
120360.668144,0.59,0.58,1.16,1.77
120360.7200972,0.59,0.58,1.16,1.77
120360.7716812,0.59,0.58,1.16,1.79
120360.8306313,0.59,0.58,1.16,1.79
120360.8856608,0.59,0.58,1.16,1.77
120360.9365939,0.59,0.58,1.16,1.79
120360.9867378,0.59,0.58,1.16,1.77
120361.0494875,0.59,0.58,1.16,1.79
120361.1017557,0.59,0.58,1.16,1.79
120361.1601337,0.59,0.58,1.16,1.77
120361.2219905,0.59,0.58,1.16,1.79
120361.2842847,0.59,0.58,1.16,1.77
120361.3368144,0.59,0.57,1.16,1.77
120361.3915384,0.59,0.58,1.16,1.79
120361.4444243,0.59,0.57,1.16,1.79
120361.4976515,0.59,0.58,1.16,1.79
120361.5507316,0.59,0.58,1.16,1.79
120361.6036365,0.59,0.58,1.16,1.79
120361.6651838,0.59,0.57,1.16,1.79
120361.7171934,0.59,0.58,1.16,1.77
120361.7741673,0.59,0.57,1.16,1.77
120361.8380137,0.59,0.57,1.15,1.77
120361.894364,0.59,0.57,1.16,1.79
120361.9481401,0.59,0.57,1.16,1.77
120362.0003487,0.59,0.58,1.16,1.79
120362.0529433,0.59,0.58,1.16,1.79
120362.104126,0.59,0.57,1.16,1.79
120362.1613526,0.59,0.58,1.16,1.79
120362.2117432,0.59,0.58,1.16,1.79
120362.2700803,0.59,0.58,1.16,1.79
120362.3217156,0.59,0.58,1.16,1.77
120362.3752087,0.59,0.58,1.17,1.79
120362.4277797,0.59,0.57,1.16,1.77
120362.4911121,0.59,0.58,1.16,1.79
120362.5467679,0.59,0.58,1.16,1.79
120362.6095292,0.59,0.57,1.16,1.79
120362.6600569,0.59,0.58,1.16,1.79
120362.7206405,0.59,0.57,1.16,1.77
120362.7726298,0.59,0.58,1.16,1.79
120362.8320495,0.59,0.58,1.16,1.77
120362.8898235,0.59,0.57,1.16,1.79
120362.9408368,0.59,0.57,1.16,1.77
120363.0029132,0.59,0.57,1.16,1.79
120363.0577761,0.59,0.58,1.17,1.79
120363.1094748,0.59,0.58,1.16,1.77
120363.1641111,0.59,0.58,1.16,1.77
120363.2142489,0.59,0.58,1.16,1.79
120363.2800331,0.59,0.57,1.16,1.79
120363.3359802,0.59,0.57,1.16,1.79
120363.389571,0.59,0.57,1.16,1.77
120363.4426059,0.59,0.58,1.16,1.79
120363.4941974,0.59,0.58,1.16,1.79
120363.5478016,0.59,0.58,1.16,1.79
120363.6035399,0.59,0.58,1.16,1.77
120363.6555382,0.59,0.57,1.15,1.79
120363.7158533,0.59,0.58,1.16,1.77
120363.7690403,0.59,0.58,1.16,1.79
120363.8227647,0.59,0.57,1.16,1.77
120363.8769732,0.59,0.58,1.16,1.79
120363.9274733,0.59,0.58,1.16,1.79
120363.9910361,0.59,0.57,1.16,1.79
120364.0461066,0.59,0.58,1.16,1.79
120364.0992951,0.59,0.58,1.16,1.77
120364.1581011,0.59,0.57,1.16,1.77
120364.209638,0.59,0.58,1.16,1.79
120364.2729638,0.59,0.57,1.16,1.79
120364.3320969,0.59,0.58,1.16,1.79
120364.3843684,0.59,0.58,1.16,1.79
120364.4358522,0.59,0.58,1.16,1.77
120364.494964,0.59,0.58,1.16,1.79
120364.5525506,0.59,0.58,1.16,1.79
120364.6030286,0.59,0.58,1.16,1.79
120364.6592794,0.59,0.57,1.16,1.77
120364.7102668,0.59,0.57,1.16,1.79
120364.7626595,0.59,0.58,1.16,1.79
120364.8154202,0.59,0.57,1.17,1.77
120364.8682321,0.59,0.58,1.16,1.79
120364.9198474,0.6,0.58,1.16,1.81
120364.9724413,0.59,0.58,1.16,1.79
120365.0256895,0.59,0.58,1.16,1.79
120365.0772032,0.59,0.57,1.16,1.79
120365.1346596,0.59,0.58,1.16,1.79
120365.1866981,0.59,0.57,1.16,1.79
120365.249569,0.59,0.57,1.16,1.79
120365.3041115,0.59,0.58,1.16,1.79
120365.3568799,0.59,0.58,1.16,1.79
120365.408897,0.59,0.58,1.16,1.77
120365.4612229,0.59,0.58,1.16,1.79
120365.5295637,0.59,0.58,1.16,1.79
120365.5918986,0.59,0.57,1.16,1.79
120365.6483056,0.59,0.57,1.16,1.77
120365.6988381,0.59,0.59,1.16,1.79
120365.7516611,0.59,0.58,1.16,1.77
120365.807217,0.59,0.57,1.16,1.79
120365.8611551,0.59,0.58,1.16,1.79
120365.916437,0.59,0.57,1.16,1.79
120365.9685391,0.59,0.58,1.16,1.77
120366.0230463,0.59,0.59,1.16,1.79
120366.0762606,0.59,0.58,1.16,1.79
120366.1277797,0.59,0.57,1.16,1.77
120366.1779777,0.59,0.58,1.16,1.77
120366.231031,0.59,0.59,1.16,1.78
120366.2850223,0.59,0.58,1.16,1.79
120366.3359596,0.59,0.59,1.16,1.78
120366.386127,0.59,0.59,1.16,1.79
120366.4379633,0.59,0.58,1.16,1.77
120366.4885508,0.59,0.59,1.16,1.78
120366.5482219,0.59,0.58,1.16,1.79
120366.5998484,0.59,0.59,1.16,1.78
120366.6501708,0.59,0.59,1.16,1.78
120366.7091076,0.59,0.59,1.16,1.77
120366.7635542,0.59,0.59,1.16,1.77
120366.8186661,0.59,0.6,1.17,1.78
120366.8752426,0.59,0.59,1.16,1.79
120366.9286519,0.59,0.59,1.16,1.78
120366.9799304,0.59,0.59,1.16,1.78
120367.0325604,0.59,0.58,1.16,1.79
120367.0901567,0.59,0.58,1.16,1.77
120367.1473871,0.59,0.59,1.16,1.79
120367.1999896,0.59,0.59,1.16,1.79
120367.2616928,0.59,0.59,1.16,1.76
120367.3194332,0.59,0.6,1.16,1.78
120367.3736821,0.59,0.59,1.16,1.76
120367.4312507,0.59,0.58,1.15,1.77
120367.4848738,0.59,0.58,1.16,1.77
120367.5369711,0.59,0.58,1.16,1.79
120367.5898005,0.59,0.59,1.16,1.79
120367.6409283,0.59,0.59,1.16,1.79
120367.6911735,0.59,0.58,1.16,1.79
120367.7482755,0.59,0.58,1.16,1.79
120367.7984184,0.59,0.59,1.16,1.78
120367.8563684,0.59,0.59,1.16,1.78
120367.9189044,0.59,0.59,1.16,1.79
120367.9809477,0.59,0.59,1.16,1.76
120368.0395671,0.59,0.59,1.16,1.77
120368.0931082,0.59,0.59,1.16,1.78
120368.1432678,0.59,0.59,1.16,1.78
120368.1985694,0.59,0.6,1.16,1.78
120368.2493291,0.59,0.6,1.16,1.78
120368.3088668,0.59,0.6,1.16,1.76
120368.3712828,0.59,0.59,1.16,1.78
120368.4276742,0.59,0.59,1.16,1.78
120368.4787602,0.59,0.59,1.16,1.76
120368.5290048,0.59,0.6,1.16,1.78
120368.5813588,0.59,0.6,1.16,1.78
120368.632728,0.59,0.59,1.16,1.78
120368.6841609,0.59,0.59,1.15,1.77
120368.7364067,0.59,0.59,1.16,1.79
120368.7931072,0.59,0.59,1.16,1.76
120368.8461507,0.59,0.59,1.16,1.78
120368.9015942,0.59,0.59,1.16,1.78
120368.9631782,0.59,0.59,1.16,1.79
120369.0248022,0.59,0.59,1.16,1.78
120369.0884165,0.59,0.59,1.16,1.77
120369.1509036,0.59,0.59,1.16,1.79
120369.2045309,0.59,0.59,1.16,1.77
120369.2549312,0.59,0.59,1.16,1.79
120369.3085293,0.59,0.59,1.16,1.78
120369.3594307,0.59,0.59,1.16,1.78
120369.411523,0.59,0.59,1.16,1.78
120369.4727889,0.59,0.6,1.16,1.78
120369.5338507,0.59,0.59,1.16,1.78
120369.5964478,0.59,0.6,1.16,1.78
120369.6579943,0.59,0.6,1.15,1.78
120369.7097403,0.59,0.59,1.15,1.79
120369.7733676,0.59,0.59,1.16,1.76
120369.8262903,0.59,0.6,1.16,1.78
120369.8820802,0.59,0.59,1.16,1.76
120369.9354544,0.59,0.59,1.15,1.79
120369.9856027,0.59,0.59,1.16,1.78
120370.0476008,0.59,0.6,1.15,1.78
120370.1003987,0.59,0.59,1.16,1.76
120370.1524219,0.59,0.59,1.16,1.79
120370.2098285,0.59,0.6,1.16,1.78
120370.2720046,0.59,0.59,1.16,1.78
120370.3256614,0.59,0.6,1.16,1.78
120370.3883465,0.59,0.59,1.16,1.78
120370.4450375,0.59,0.59,1.16,1.79
120370.495268,0.59,0.6,1.16,1.78
120370.5542908,0.59,0.6,1.16,1.78
120370.6071214,0.59,0.6,1.16,1.78
120370.6588532,0.59,0.6,1.16,1.78
120370.7136054,0.59,0.6,1.16,1.78
120370.7797266,0.59,0.6,1.16,1.78
120370.8299337,0.59,0.6,1.16,1.78
120370.8899852,0.59,0.59,1.16,1.78
120370.9528304,0.59,0.6,1.16,1.76
120371.0092185,0.59,0.59,1.15,1.79
120371.0617249,0.59,0.59,1.15,1.79
120371.1138933,0.59,0.59,1.16,1.78
120371.1755633,0.59,0.59,1.16,1.78
120371.2265038,0.59,0.6,1.16,1.78
120371.2770112,0.59,0.59,1.16,1.78
120371.3364432,0.59,0.59,1.16,1.76
120371.3984963,0.59,0.6,1.16,1.78
120371.4520429,0.59,0.59,1.16,1.78
120371.5063467,0.59,0.6,1.16,1.78
120371.5577601,0.59,0.6,1.16,1.78
120371.6127524,0.59,0.59,1.16,1.78
120371.6673232,0.59,0.6,1.16,1.76
120371.7188886,0.59,0.6,1.16,1.76
120371.7698604,0.59,0.6,1.15,1.78
120371.8246922,0.59,0.6,1.15,1.78
120371.8787502,0.59,0.6,1.16,1.78
120371.928892,0.59,0.6,1.16,1.78
120371.9799358,0.59,0.59,1.16,1.78
120372.0432105,0.59,0.6,1.16,1.76
120372.0974085,0.59,0.61,1.15,1.78
120372.1509493,0.59,0.61,1.16,1.78
120372.2023011,0.59,0.61,1.15,1.76
120372.2648164,0.59,0.61,1.15,1.78
120372.3156866,0.59,0.6,1.15,1.78
120372.3785321,0.59,0.61,1.15,1.78
120372.4289928,0.59,0.6,1.16,1.78
120372.4791512,0.59,0.6,1.16,1.78
120372.5339582,0.59,0.6,1.16,1.76
120372.5885382,0.59,0.61,1.15,1.78
120372.6411089,0.59,0.61,1.15,1.78
120372.6930658,0.59,0.6,1.15,1.78
120372.7447191,0.59,0.6,1.15,1.76
120372.7948582,0.59,0.6,1.15,1.78
120372.8586983,0.59,0.59,1.15,1.77
120372.9132581,0.59,0.59,1.15,1.79
120372.964811,0.59,0.6,1.15,1.78
120373.0289831,0.59,0.6,1.16,1.78
120373.0827244,0.59,0.6,1.15,1.76
120373.1365198,0.59,0.6,1.15,1.78
120373.1880723,0.59,0.6,1.15,1.76
120373.2497006,0.59,0.6,1.15,1.76
120373.3022199,0.59,0.61,1.16,1.78
120373.3533229,0.59,0.6,1.15,1.78
120373.4068614,0.59,0.59,1.15,1.79
120373.4582943,0.59,0.59,1.15,1.79
120373.5119019,0.59,0.6,1.16,1.78
120373.5657519,0.59,0.6,1.16,1.78
120373.6235131,0.59,0.6,1.16,1.78
120373.6753292,0.59,0.6,1.15,1.78
120373.7381367,0.59,0.6,1.15,1.76
120373.7971309,0.59,0.59,1.15,1.79
120373.8472734,0.59,0.6,1.16,1.78
120373.9112621,0.59,0.6,1.16,1.78
120373.9752916,0.59,0.59,1.15,1.79
120374.0296653,0.59,0.59,1.16,1.79
120374.0802603,0.59,0.6,1.16,1.78
120374.1397691,0.59,0.59,1.16,1.78
120374.1957156,0.59,0.6,1.16,1.78
120374.2489556,0.59,0.6,1.16,1.78
120374.2990949,0.59,0.59,1.16,1.76
120374.3619886,0.59,0.6,1.16,1.78
120374.4146187,0.59,0.6,1.15,1.78
120374.4656445,0.59,0.6,1.16,1.78
120374.5182303,0.59,0.6,1.15,1.78
120374.5688268,0.59,0.6,1.16,1.78
120374.6189725,0.59,0.6,1.16,1.78
120374.682078,0.59,0.6,1.16,1.78
120374.7344815,0.59,0.59,1.16,1.79
120374.7850445,0.59,0.59,1.16,1.78
120374.8359663,0.59,0.6,1.16,1.78
120374.8861209,0.59,0.59,1.16,1.77
120374.9375975,0.59,0.59,1.15,1.77
120374.9951472,0.59,0.59,1.16,1.78
120375.049174,0.59,0.6,1.15,1.78
120375.1023232,0.59,0.6,1.16,1.78
120375.1564931,0.59,0.59,1.15,1.79
120375.2080389,0.59,0.59,1.16,1.78
120375.2637806,0.59,0.6,1.16,1.78
120375.3144764,0.59,0.59,1.16,1.78
120375.3769657,0.59,0.59,1.16,1.78
120375.4311571,0.59,0.59,1.17,1.78
120375.4838914,0.59,0.59,1.16,1.78
120375.5346312,0.59,0.59,1.16,1.77
120375.5854103,0.59,0.59,1.16,1.78
120375.636622,0.59,0.59,1.16,1.76
120375.6917809,0.59,0.59,1.16,1.76
120375.753678,0.59,0.59,1.16,1.78
120375.8065892,0.59,0.59,1.16,1.78
120375.8598802,0.59,0.59,1.16,1.77
120375.918417,0.59,0.59,1.16,1.79
120375.9712815,0.59,0.59,1.16,1.76
120376.0303142,0.59,0.59,1.16,1.78
120376.0818681,0.59,0.6,1.16,1.78
120376.1346293,0.59,0.58,1.16,1.79
120376.1874534,0.59,0.59,1.16,1.78
120376.238918,0.59,0.59,1.16,1.77
120376.2890672,0.59,0.59,1.16,1.79
120376.3424986,0.59,0.59,1.16,1.78
120376.4008864,0.59,0.6,1.16,1.76
120376.453132,0.59,0.6,1.16,1.78
120376.5109212,0.59,0.59,1.16,1.78
120376.5731141,0.59,0.59,1.16,1.79
120376.6243515,0.59,0.6,1.16,1.78
120376.6837864,0.59,0.59,1.16,1.79
120376.7347106,0.59,0.59,1.15,1.77
120376.7848602,0.59,0.59,1.16,1.79
120376.8350097,0.59,0.59,1.15,1.79
120376.899672,0.59,0.6,1.16,1.78
120376.9508889,0.59,0.6,1.17,1.78
120377.0075672,0.59,0.59,1.16,1.78
120377.0579316,0.59,0.6,1.16,1.78
120377.1175041,0.59,0.6,1.16,1.76
120377.179811,0.59,0.59,1.16,1.78
120377.2314921,0.59,0.59,1.16,1.76
120377.2836126,0.59,0.59,1.16,1.76
120377.3426469,0.59,0.59,1.16,1.78
120377.3947706,0.59,0.59,1.15,1.79
120377.4477462,0.59,0.6,1.16,1.78
120377.4995026,0.59,0.59,1.16,1.78
120377.5608261,0.59,0.59,1.16,1.79
120377.6177672,0.59,0.59,1.16,1.78
120377.6682186,0.59,0.59,1.16,1.78
120377.7220597,0.59,0.59,1.16,1.79
120377.7756705,0.59,0.59,1.16,1.78
120377.8411186,0.59,0.59,1.16,1.79
120377.9040623,0.59,0.59,1.16,1.78
120377.9582027,0.59,0.59,1.16,1.78
120378.0118792,0.59,0.59,1.16,1.79
120378.0633754,0.6,0.6,1.16,1.8
120378.11394,0.59,0.6,1.16,1.78
120378.1709784,0.59,0.59,1.16,1.79
120378.2229618,0.59,0.59,1.16,1.78
120378.279681,0.59,0.59,1.16,1.78
120378.3316293,0.59,0.6,1.16,1.78
120378.3891046,0.59,0.59,1.16,1.76
120378.4598835,0.59,0.59,1.16,1.76
120378.5174545,0.59,0.59,1.16,1.78
120378.5700622,0.59,0.59,1.16,1.76
120378.6218792,0.59,0.59,1.16,1.78
120378.6724423,0.59,0.6,1.16,1.78
120378.7268503,0.59,0.59,1.16,1.76
120378.7799696,0.59,0.6,1.16,1.78
120378.8430495,0.59,0.6,1.15,1.78
120378.9058395,0.59,0.6,1.16,1.78
120378.9567932,0.59,0.6,1.15,1.78
120379.0071809,0.59,0.59,1.16,1.76
120379.0606507,0.59,0.6,1.16,1.76
120379.1108072,0.59,0.6,1.16,1.78
120379.1718405,0.59,0.61,1.16,1.78
120379.2247729,0.59,0.6,1.16,1.76
120379.278476,0.59,0.6,1.16,1.78
120379.3288044,0.59,0.61,1.16,1.78
120379.3920961,0.59,0.6,1.15,1.78
120379.4441488,0.59,0.6,1.16,1.76
120379.501326,0.59,0.6,1.16,1.78
120379.5529575,0.59,0.6,1.15,1.78
120379.6031661,0.59,0.6,1.16,1.78
120379.6553948,0.59,0.6,1.16,1.78
120379.706141,0.59,0.6,1.16,1.78
120379.7595352,0.59,0.6,1.16,1.78
120379.8097613,0.59,0.6,1.15,1.78
120379.8608652,0.59,0.6,1.16,1.78
120379.9227578,0.59,0.61,1.16,1.78
120379.9849466,0.59,0.6,1.15,1.76
120380.0494708,0.59,0.6,1.15,1.76
120380.1020645,0.59,0.6,1.15,1.78
120380.1533481,0.6,0.6,1.16,1.8
120380.205642,0.59,0.61,1.16,1.78
120380.2571504,0.59,0.6,1.16,1.78
120380.308404,0.59,0.61,1.16,1.76
120380.3598265,0.59,0.6,1.15,1.76
120380.4138152,0.59,0.6,1.15,1.76
120380.4774886,0.59,0.61,1.15,1.78
120380.5284519,0.59,0.6,1.15,1.76
120380.5807514,0.59,0.61,1.15,1.78
120380.6325436,0.59,0.61,1.15,1.78
120380.6963127,0.59,0.6,1.15,1.78
120380.7500878,0.59,0.6,1.15,1.78
120380.8107689,0.59,0.59,1.15,1.79
120380.8629932,0.59,0.59,1.16,1.76
120380.9251945,0.59,0.6,1.16,1.78
120380.9755387,0.59,0.6,1.16,1.78
120381.0256872,0.59,0.6,1.15,1.78
120381.0830231,0.59,0.59,1.15,1.79
120381.1334357,0.59,0.61,1.15,1.78
120381.192644,0.59,0.6,1.15,1.76
120381.2459803,0.59,0.6,1.15,1.78
120381.3088089,0.59,0.6,1.15,1.78
120381.3658878,0.59,0.6,1.15,1.76
120381.42145,0.59,0.6,1.16,1.76
120381.4731252,0.59,0.6,1.16,1.78
120381.52681,0.59,0.6,1.16,1.78
120381.5865064,0.59,0.6,1.16,1.78
120381.6384697,0.59,0.6,1.15,1.78
120381.6909928,0.59,0.6,1.15,1.78
120381.7432132,0.59,0.6,1.16,1.78
120381.795095,0.59,0.6,1.16,1.78
120381.8482401,0.59,0.6,1.15,1.78
120381.9047356,0.59,0.59,1.15,1.77
120381.9572734,0.59,0.6,1.16,1.76
120382.0134058,0.59,0.6,1.16,1.78
120382.0644608,0.59,0.6,1.15,1.78
120382.1171495,0.59,0.6,1.16,1.78
120382.1694242,0.59,0.6,1.16,1.78
120382.2203667,0.59,0.59,1.16,1.77
120382.2758344,0.59,0.59,1.15,1.77
120382.3313436,0.59,0.59,1.16,1.78
120382.387915,0.59,0.6,1.16,1.76
120382.4384921,0.59,0.59,1.15,1.79
120382.495992,0.59,0.6,1.16,1.76
120382.5555214,0.59,0.59,1.15,1.79
120382.6057325,0.59,0.6,1.16,1.78
120382.6588183,0.59,0.6,1.16,1.78
120382.7118189,0.59,0.59,1.16,1.76
120382.7661614,0.59,0.59,1.15,1.79
120382.8197288,0.59,0.6,1.16,1.78
120382.8731893,0.59,0.6,1.16,1.78
120382.9290138,0.59,0.6,1.16,1.78
120382.9863121,0.59,0.6,1.16,1.76
120383.0387376,0.59,0.6,1.15,1.78
120383.092554,0.59,0.6,1.16,1.78
120383.1495582,0.59,0.59,1.16,1.78
120383.2000724,0.59,0.59,1.15,1.79
120383.253889,0.59,0.59,1.16,1.78
120383.3130594,0.59,0.6,1.15,1.78
120383.370898,0.59,0.6,1.15,1.76
120383.4274259,0.59,0.6,1.15,1.76
120383.4867019,0.59,0.6,1.16,1.78
120383.5402364,0.59,0.6,1.16,1.78
120383.5904345,0.59,0.6,1.15,1.78
120383.6429357,0.59,0.6,1.15,1.78
120383.6941002,0.59,0.59,1.16,1.78
120383.7442405,0.59,0.61,1.16,1.78
120383.7950881,0.59,0.6,1.16,1.76
120383.854237,0.59,0.6,1.16,1.76
120383.9097058,0.59,0.6,1.15,1.76
120383.9602406,0.59,0.6,1.15,1.78
120384.0114235,0.59,0.6,1.15,1.78
120384.0630175,0.59,0.59,1.16,1.78
120384.1149878,0.59,0.59,1.15,1.77
120384.1653365,0.59,0.6,1.16,1.78
120384.2276594,0.59,0.6,1.16,1.76
120384.2803868,0.59,0.6,1.15,1.78
120384.3310265,0.59,0.6,1.16,1.76
120384.3824949,0.59,0.6,1.16,1.78
120384.4334945,0.59,0.6,1.16,1.78
120384.4930174,0.59,0.59,1.16,1.78
120384.5552545,0.59,0.6,1.15,1.78
120384.608174,0.59,0.6,1.15,1.78
120384.6583196,0.59,0.59,1.16,1.79
120384.7184318,0.59,0.59,1.16,1.79
120384.7689684,0.59,0.59,1.16,1.76
120384.8229316,0.59,0.6,1.16,1.78
120384.8731177,0.59,0.6,1.16,1.76
120384.9257958,0.59,0.59,1.15,1.79
120384.9759931,0.59,0.6,1.16,1.78
120385.0275753,0.59,0.59,1.16,1.76
120385.0780018,0.59,0.59,1.15,1.77
120385.1281418,0.59,0.61,1.16,1.78
120385.1899967,0.59,0.61,1.15,1.76
120385.2409803,0.59,0.6,1.16,1.76
120385.2979189,0.59,0.59,1.15,1.77
120385.3569464,0.59,0.6,1.15,1.76
120385.4196548,0.59,0.6,1.15,1.78
120385.4711825,0.59,0.59,1.15,1.79
120385.5334118,0.59,0.6,1.15,1.78
120385.5866214,0.59,0.61,1.15,1.78
120385.6368625,0.59,0.61,1.16,1.75
120385.6892931,0.59,0.61,1.15,1.76
120385.7424348,0.59,0.61,1.15,1.78
120385.7958299,0.59,0.6,1.15,1.77
120385.8539079,0.59,0.61,1.15,1.78
120385.915895,0.59,0.6,1.15,1.78
120385.9775108,0.59,0.61,1.15,1.78
120386.0284662,0.59,0.6,1.16,1.78
120386.0912034,0.59,0.6,1.16,1.78
120386.1456443,0.59,0.6,1.15,1.78
120386.1992648,0.59,0.6,1.15,1.78
120386.2545712,0.59,0.61,1.16,1.78
120386.3057324,0.59,0.6,1.16,1.78
120386.3577852,0.59,0.6,1.15,1.76
120386.4114288,0.59,0.61,1.16,1.78
120386.4623486,0.59,0.61,1.15,1.78
120386.5127453,0.59,0.61,1.15,1.78
120386.5629218,0.59,0.6,1.15,1.78
120386.6269963,0.59,0.61,1.15,1.78
120386.6775983,0.59,0.61,1.15,1.76
120386.7277395,0.59,0.59,1.15,1.79
120386.7830767,0.59,0.6,1.15,1.76
120386.85002,0.59,0.6,1.16,1.78
120386.9002765,0.59,0.61,1.15,1.76
120386.962116,0.59,0.6,1.15,1.78
120387.0237812,0.59,0.6,1.15,1.78
120387.0742014,0.59,0.6,1.15,1.78
120387.1246143,0.59,0.6,1.15,1.78
120387.177704,0.59,0.6,1.15,1.76
120387.2342513,0.59,0.6,1.15,1.78
120387.2868118,0.59,0.6,1.15,1.78
120387.3379236,0.59,0.6,1.15,1.78
120387.3884702,0.59,0.6,1.16,1.78
120387.4499608,0.59,0.61,1.15,1.78
120387.5063532,0.59,0.6,1.15,1.78
120387.561031,0.59,0.6,1.16,1.78
120387.6121147,0.59,0.59,1.15,1.77
120387.6639145,0.59,0.6,1.15,1.78
120387.7169465,0.59,0.61,1.16,1.78
120387.7686483,0.59,0.61,1.16,1.78
120387.8321603,0.59,0.61,1.16,1.76
120387.8854475,0.59,0.6,1.16,1.78
120387.9449181,0.59,0.6,1.15,1.78
120388.0075921,0.59,0.6,1.15,1.78
120388.0642777,0.59,0.61,1.16,1.78
120388.1169998,0.59,0.59,1.15,1.77
120388.1694399,0.59,0.61,1.16,1.78
120388.2203545,0.59,0.61,1.15,1.78
120388.2716008,0.59,0.61,1.16,1.78
120388.3346744,0.59,0.6,1.16,1.78
120388.3982783,0.59,0.6,1.15,1.78
120388.451439,0.59,0.61,1.16,1.76
120388.5049352,0.59,0.6,1.16,1.76
120388.5551017,0.59,0.6,1.16,1.76
120388.6055986,0.59,0.6,1.15,1.76
120388.6559971,0.59,0.6,1.15,1.76
120388.7061496,0.59,0.61,1.16,1.78
120388.7563349,0.59,0.61,1.16,1.78
120388.8071873,0.59,0.61,1.15,1.78
120388.8573407,0.59,0.6,1.15,1.76
120388.9089736,0.59,0.62,1.15,1.78
120388.9622799,0.59,0.6,1.15,1.76
120389.0127515,0.59,0.61,1.15,1.78
120389.0632264,0.59,0.61,1.15,1.78
120389.123678,0.59,0.6,1.16,1.78
120389.1864433,0.59,0.6,1.15,1.78
120389.2456362,0.59,0.61,1.15,1.78
120389.3012896,0.59,0.61,1.15,1.78
120389.3520542,0.59,0.6,1.15,1.78
120389.4192438,0.59,0.6,1.16,1.78
120389.4729191,0.59,0.6,1.15,1.78
120389.5252738,0.59,0.6,1.16,1.78
120389.5758574,0.59,0.61,1.15,1.78
120389.7478338,0.59,0.6,1.16,1.76
120389.7999861,0.59,0.6,1.15,1.78
120389.8506205,0.59,0.61,1.15,1.76
120389.9725358,0.59,0.6,1.15,1.78
120390.0230337,0.59,0.6,1.15,1.78
120390.0782311,0.59,0.6,1.15,1.78
120390.1313309,0.59,0.6,1.16,1.78
120390.1850374,0.59,0.6,1.15,1.78
120390.2703156,0.59,0.6,1.16,1.78
120390.3266904,0.59,0.62,1.16,1.77
120390.3816271,0.59,0.62,1.16,1.77
120390.4324323,0.59,0.6,1.15,1.78
120390.4891993,0.59,0.6,1.15,1.78
120390.5448145,0.59,0.59,1.16,1.76
120390.7215173,0.59,0.62,1.17,1.77
120390.7738328,0.59,0.63,1.17,1.77
120390.8404207,0.59,0.62,1.16,1.75
120390.8917772,0.6,0.61,1.16,1.79
120390.9432029,0.59,0.61,1.15,1.76
120391.0021778,0.59,0.61,1.16,1.78
120391.0591201,0.59,0.61,1.15,1.78
120391.112835,0.59,0.61,1.15,1.78
120391.1685987,0.59,0.61,1.15,1.78
120391.2210516,0.59,0.6,1.15,1.78
120391.2720214,0.59,0.6,1.15,1.76
120391.3242841,0.59,0.61,1.15,1.78
120391.3781222,0.59,0.61,1.15,1.76
120391.4370938,0.59,0.6,1.15,1.78
120391.4911032,0.59,0.61,1.15,1.78
120391.541714,0.59,0.61,1.16,1.78
120391.5935121,0.59,0.62,1.15,1.76
120391.6444906,0.59,0.62,1.16,1.77
120391.6994922,0.59,0.61,1.15,1.78
120391.7701908,0.59,0.62,1.15,1.76
120391.8232501,0.59,0.61,1.15,1.76
120391.8764003,0.59,0.61,1.15,1.76
120391.9400781,0.59,0.61,1.16,1.78
120391.9909407,0.59,0.61,1.15,1.76
120392.0485123,0.59,0.6,1.15,1.78
120392.100035,0.59,0.6,1.15,1.76
120392.1523206,0.59,0.6,1.15,1.78
120392.2083687,0.59,0.6,1.15,1.78
120392.2777716,0.59,0.6,1.15,1.78
120392.3387307,0.59,0.6,1.15,1.78
120392.4107619,0.59,0.6,1.15,1.76
120392.4888736,0.59,0.6,1.15,1.78
120392.5675093,0.59,0.6,1.15,1.76
120392.6226881,0.59,0.6,1.15,1.78
120392.6817918,0.59,0.6,1.15,1.76
120392.7405505,0.59,0.6,1.16,1.76
120392.8026697,0.59,0.61,1.15,1.76
120392.8552663,0.59,0.6,1.15,1.78
120392.9091123,0.59,0.6,1.15,1.78
120392.9602234,0.59,0.6,1.15,1.78
120393.0108593,0.59,0.6,1.15,1.76
120393.0830457,0.59,0.6,1.15,1.78
120393.1408583,0.59,0.6,1.16,1.78
120393.1945087,0.59,0.61,1.15,1.76
120393.2503519,0.59,0.6,1.15,1.78
120393.3110006,0.59,0.6,1.15,1.76
120393.3647078,0.59,0.61,1.15,1.78
120393.4229521,0.59,0.6,1.15,1.78
120393.4752914,0.59,0.6,1.15,1.76
120393.5265701,0.59,0.59,1.15,1.79
120393.5804827,0.59,0.6,1.15,1.78
120393.6311828,0.59,0.59,1.15,1.77
120393.6814997,0.59,0.6,1.16,1.78
120393.7356351,0.59,0.6,1.15,1.78
120393.7904124,0.59,0.61,1.16,1.78
120393.8413758,0.59,0.61,1.16,1.78
120393.8934281,0.59,0.6,1.16,1.78
120393.9498055,0.59,0.59,1.16,1.76
120394.0006974,0.59,0.6,1.15,1.78
120394.0565046,0.59,0.6,1.15,1.76
120394.1223796,0.59,0.6,1.15,1.78
120394.1858949,0.59,0.6,1.15,1.78
120394.2397818,0.59,0.61,1.15,1.78
120394.3122703,0.59,0.62,1.15,1.77
120394.3634129,0.59,0.62,1.16,1.77
120394.4247991,0.59,0.62,1.16,1.77
120394.4765176,0.59,0.62,1.16,1.77
120394.5385563,0.59,0.63,1.15,1.77
120394.6722171,0.59,0.62,1.16,1.77
120394.7285317,0.59,0.62,1.15,1.76
120394.7831781,0.59,0.62,1.16,1.77
120394.8346055,0.59,0.62,1.15,1.78
120394.8851059,0.59,0.62,1.16,1.77
120394.9372734,0.59,0.62,1.16,1.75
120394.9925793,0.59,0.63,1.15,1.75
120395.0477577,0.59,0.62,1.15,1.76
120395.1082963,0.59,0.61,1.16,1.78
120395.1671991,0.59,0.63,1.16,1.77
120395.2193274,0.59,0.62,1.15,1.78
120395.2739531,0.6,0.62,1.16,1.79
120395.326233,0.59,0.61,1.16,1.78
120395.3903326,0.59,0.62,1.15,1.78
120395.4518638,0.59,0.62,1.15,1.78
120395.5157801,0.59,0.61,1.15,1.76
120395.5797437,0.59,0.62,1.15,1.78
120395.6384174,0.59,0.62,1.15,1.78
120395.6926112,0.59,0.61,1.15,1.76
120395.7541532,0.59,0.62,1.16,1.77
120395.8093683,0.59,0.62,1.15,1.77
120395.860222,0.59,0.62,1.16,1.77
120395.9117328,0.59,0.62,1.16,1.77
120395.9635477,0.59,0.62,1.15,1.77
120396.0194843,0.59,0.61,1.15,1.78
120396.0724871,0.59,0.6,1.15,1.78
120396.1314358,0.59,0.61,1.15,1.78
120396.20518,0.59,0.61,1.15,1.78
120396.2663869,0.59,0.61,1.16,1.78
120396.3280462,0.59,0.61,1.15,1.78
120396.379583,0.59,0.61,1.16,1.78
120396.4373589,0.59,0.6,1.15,1.78
120396.5024749,0.59,0.6,1.15,1.78
120396.5913006,0.59,0.61,1.16,1.77
120396.6443581,0.59,0.61,1.16,1.78
120396.706241,0.59,0.61,1.16,1.78
120396.7680299,0.59,0.61,1.16,1.78
120396.8345963,0.59,0.61,1.15,1.78
120396.899666,0.59,0.6,1.15,1.76
120396.9543806,0.59,0.61,1.16,1.76
120397.0078075,0.59,0.61,1.15,1.76
120397.0618647,0.59,0.6,1.15,1.76
120397.112196,0.59,0.61,1.16,1.78
120397.1677079,0.59,0.6,1.15,1.78
120397.2287441,0.59,0.62,1.16,1.77
120397.2819298,0.59,0.61,1.15,1.76
120397.3358501,0.59,0.6,1.15,1.78
120397.3864192,0.59,0.61,1.15,1.76
120397.4475872,0.59,0.6,1.15,1.76
120397.4985108,0.59,0.61,1.15,1.78
120397.5601515,0.59,0.6,1.15,1.78
120397.616565,0.59,0.61,1.15,1.78
120397.6719294,0.59,0.61,1.16,1.78
120397.723012,0.59,0.62,1.16,1.77
120397.7969211,0.59,0.6,1.15,1.78
120397.880055,0.59,0.61,1.15,1.78
120397.9337264,0.59,0.59,1.16,1.78
120397.9902736,0.59,0.59,1.16,1.78
120398.0496628,0.59,0.6,1.15,1.76
120398.1043085,0.59,0.62,1.15,1.77
120398.1583118,0.59,0.63,1.15,1.77
120398.2117941,0.59,0.62,1.16,1.77
120398.2626935,0.59,0.61,1.15,1.78
120398.3170697,0.59,0.62,1.15,1.76
120398.3678931,0.59,0.61,1.15,1.78
120398.4181135,0.59,0.6,1.16,1.78
120398.4683283,0.59,0.61,1.16,1.78
120398.519228,0.59,0.6,1.15,1.78
120398.5730511,0.59,0.6,1.16,1.78
120398.6234248,0.59,0.61,1.16,1.78
120398.6776455,0.59,0.6,1.15,1.76
120398.7311784,0.59,0.61,1.15,1.78
120398.7907126,0.59,0.61,1.15,1.78
120398.8498387,0.59,0.6,1.15,1.78
120398.9000968,0.59,0.6,1.15,1.78
120398.9532532,0.59,0.6,1.15,1.78
120399.0083505,0.59,0.6,1.15,1.78
120399.0611002,0.59,0.6,1.15,1.76
120399.1283187,0.59,0.61,1.15,1.78
120399.2114626,0.59,0.61,1.16,1.78
120399.2659727,0.59,0.61,1.16,1.78
120399.3195427,0.59,0.61,1.15,1.78
120399.3740242,0.59,0.59,1.16,1.78
120399.427892,0.59,0.6,1.15,1.78
120399.4834398,0.59,0.6,1.16,1.76
120399.5358146,0.59,0.61,1.16,1.76
120399.5871689,0.59,0.6,1.16,1.78
120399.6375914,0.59,0.6,1.15,1.76
120399.6946811,0.59,0.6,1.15,1.78
120399.7518805,0.59,0.6,1.15,1.78
120399.8050727,0.59,0.61,1.16,1.78
120399.8562553,0.59,0.6,1.15,1.78
120399.9104517,0.59,0.6,1.15,1.76
120399.9790854,0.59,0.59,1.16,1.78
120400.0629255,0.59,0.6,1.16,1.78
120400.1156471,0.59,0.6,1.15,1.78
120400.1820443,0.59,0.6,1.15,1.76
120400.2437288,0.59,0.61,1.16,1.78
120400.3036068,0.59,0.61,1.15,1.76
120400.3987069,0.59,0.61,1.16,1.78
120400.4534453,0.59,0.6,1.16,1.78
120400.5137339,0.59,0.61,1.16,1.76
120400.5655818,0.59,0.6,1.15,1.77
120400.6182953,0.59,0.61,1.15,1.78
120400.6787797,0.59,0.6,1.15,1.78
120400.7335383,0.59,0.61,1.16,1.78
120400.7866355,0.59,0.62,1.15,1.78
120400.8396101,0.59,0.61,1.16,1.78
120400.9097571,0.59,0.62,1.15,1.76
120400.9624464,0.59,0.6,1.15,1.78
120401.0142671,0.59,0.6,1.16,1.78
120401.0654979,0.59,0.6,1.15,1.78
120401.1390122,0.59,0.6,1.15,1.78
120401.272342,0.59,0.6,1.15,1.78
120401.3245841,0.59,0.6,1.15,1.76
120401.3771258,0.59,0.6,1.15,1.76
120401.4301476,0.59,0.6,1.15,1.76
120401.4826857,0.59,0.6,1.15,1.78
120401.5338969,0.59,0.6,1.15,1.78
120401.5852316,0.59,0.61,1.15,1.78
120401.6516359,0.59,0.61,1.15,1.78
120401.7152044,0.59,0.6,1.15,1.76
120401.7666164,0.59,0.61,1.15,1.78
120401.8249377,0.59,0.61,1.15,1.78
120401.8863816,0.59,0.61,1.15,1.78
120401.9533872,0.59,0.6,1.15,1.78
120402.0130639,0.59,0.61,1.16,1.78
120402.0804241,0.59,0.6,1.15,1.76
120402.1421995,0.59,0.6,1.15,1.78
120402.2046004,0.59,0.6,1.15,1.76
120402.2553285,0.59,0.61,1.15,1.76
120402.3220529,0.59,0.6,1.15,1.78
120402.3858136,0.59,0.6,1.15,1.76
120402.4468372,0.59,0.6,1.15,1.76
120402.5079704,0.59,0.6,1.15,1.78
120402.5625471,0.59,0.6,1.15,1.76
120402.6168105,0.6,0.6,1.15,1.8
120402.680961,0.59,0.6,1.15,1.78
120402.7429525,0.59,0.6,1.15,1.78
120402.8031377,0.59,0.6,1.15,1.78
120402.8657157,0.59,0.6,1.16,1.76
120402.9161863,0.59,0.63,1.15,1.77
120402.9787143,0.59,0.64,1.15,1.77
120403.0349922,0.59,0.63,1.15,1.77
120403.0999678,0.59,0.63,1.15,1.77
120403.1777679,0.59,0.63,1.16,1.77
120403.2331701,0.59,0.61,1.15,1.78
120403.3027673,0.59,0.6,1.16,1.78
120403.3805975,0.59,0.6,1.16,1.78
120403.4586127,0.59,0.61,1.16,1.78
120403.5158292,0.59,0.61,1.16,1.76
120403.580386,0.59,0.62,1.15,1.78
120403.6393337,0.59,0.61,1.15,1.76
120403.6897885,0.59,0.61,1.15,1.78
120403.7482528,0.59,0.62,1.15,1.76
120403.8107138,0.59,0.61,1.16,1.78
120403.8653535,0.59,0.62,1.16,1.75
120403.9155811,0.59,0.61,1.15,1.76
120403.9869487,0.59,0.61,1.15,1.76
120404.0441153,0.59,0.62,1.15,1.78
120404.1066016,0.59,0.61,1.15,1.78
120404.1697028,0.59,0.61,1.15,1.78
120404.2323929,0.59,0.62,1.15,1.77
120404.2828999,0.59,0.6,1.15,1.76
120404.3377177,0.59,0.61,1.15,1.78
120404.3999485,0.59,0.62,1.15,1.78
120404.4514869,0.59,0.61,1.15,1.78
120404.508247,0.59,0.61,1.16,1.78
120404.5589877,0.59,0.61,1.16,1.76
120404.6179562,0.59,0.62,1.16,1.77
120404.6738062,0.59,0.62,1.15,1.78
120404.7260942,0.59,0.61,1.15,1.78
120404.791065,0.59,0.61,1.16,1.76
120404.8610514,0.59,0.62,1.15,1.75
120404.9385226,0.59,0.62,1.15,1.76
120405.0167192,0.59,0.62,1.15,1.77
120405.0788802,0.59,0.61,1.15,1.76
120405.1316235,0.59,0.62,1.15,1.76
120405.202114,0.59,0.62,1.15,1.78
120405.2657476,0.59,0.62,1.16,1.75
120405.3289099,0.59,0.61,1.16,1.78
120405.3928046,0.59,0.61,1.15,1.78
120405.4557839,0.59,0.61,1.15,1.78
120405.5189467,0.59,0.6,1.15,1.78
120405.5971979,0.59,0.63,1.15,1.77
120405.6599929,0.59,0.65,1.16,1.76
120405.7122311,0.59,0.63,1.15,1.77
120405.7740478,0.59,0.61,1.15,1.78
120405.8283023,0.59,0.63,1.15,1.77
120405.8866196,0.59,0.64,1.15,1.77
120405.9503021,0.59,0.65,1.16,1.76
120406.0123645,0.59,0.63,1.15,1.77
120406.0769407,0.59,0.63,1.15,1.77
120406.1388069,0.59,0.64,1.15,1.77
120406.2008216,0.59,0.63,1.15,1.75
120406.3107711,0.59,0.65,1.16,1.76
120406.3648661,0.59,0.65,1.16,1.76
120406.4153728,0.59,0.65,1.15,1.76
120406.8109495,0.59,0.65,1.15,1.76
120406.8628804,0.59,0.65,1.16,1.76
120406.9137913,0.59,0.65,1.15,1.76
120406.9752394,0.59,0.65,1.15,1.77
120407.0280187,0.59,0.63,1.15,1.77
120407.0844735,0.59,0.64,1.15,1.77
120407.1346569,0.59,0.64,1.15,1.77
120407.1857186,0.59,0.64,1.15,1.75
120407.2363669,0.59,0.64,1.15,1.77
120407.2865357,0.59,0.64,1.16,1.75
120407.3380907,0.59,0.62,1.15,1.76
120407.3887369,0.59,0.62,1.15,1.76
120407.4422862,0.6,0.63,1.16,1.79
120407.4960071,0.59,0.63,1.16,1.75
120407.5461844,0.59,0.62,1.16,1.77
120407.6043509,0.59,0.62,1.15,1.77
120407.6664466,0.59,0.62,1.16,1.77
120407.7166653,0.59,0.62,1.15,1.78
120407.7669595,0.59,0.62,1.15,1.78
120407.8180677,0.59,0.62,1.15,1.78
120407.8682362,0.59,0.62,1.15,1.78
120407.9187838,0.59,0.62,1.15,1.76
120407.9689841,0.59,0.62,1.15,1.76
120408.019259,0.59,0.62,1.15,1.76
120408.0695379,0.59,0.65,1.15,1.75
120408.1295229,0.59,0.63,1.15,1.77
120408.1927341,0.59,0.64,1.15,1.77
120408.2493234,0.59,0.65,1.15,1.76
120408.3378492,0.59,0.65,1.15,1.75
